"first_aa","second_aa","pair_sum"
"A","A",67127
"A","C",14742
"A","D",43389
"A","E",56512
"A","F",34188
"A","G",45605
"A","H",19162
"A","I",50231
"A","K",50536
"A","L",69547
"A","M",20132
"A","N",36506
"A","P",51479
"A","Q",37677
"A","R",41809
"A","S",67939
"A","T",52699
"A","V",56459
"A","W",7539
"A","Y",22368
"C","A",15825
"C","C",6742
"C","D",14718
"C","E",16048
"C","F",11783
"C","G",16254
"C","H",6292
"C","I",14839
"C","K",13901
"C","L",21499
"C","M",5313
"C","N",11335
"C","P",13533
"C","Q",11572
"C","R",13952
"C","S",22358
"C","T",14313
"C","V",16232
"C","W",2805
"C","Y",7706
"D","A",46303
"D","C",12729
"D","D",50015
"D","E",62382
"D","F",32349
"D","G",47537
"D","H",15633
"D","I",39480
"D","K",38730
"D","L",57837
"D","M",15779
"D","N",29689
"D","P",32054
"D","Q",26748
"D","R",35337
"D","S",53699
"D","T",33996
"D","V",48759
"D","W",8226
"D","Y",22771
"E","A",55345
"E","C",15332
"E","D",53064
"E","E",73431
"E","F",32552
"E","G",36395
"E","H",21175
"E","I",53823
"E","K",78601
"E","L",70635
"E","M",24209
"E","N",48937
"E","P",36975
"E","Q",38852
"E","R",46556
"E","S",59224
"E","T",51075
"E","V",49007
"E","W",9551
"E","Y",25577
"F","A",35662
"F","C",13140
"F","D",34408
"F","E",36585
"F","F",28947
"F","G",38088
"F","H",14080
"F","I",34330
"F","K",28946
"F","L",54538
"F","M",12806
"F","N",27209
"F","P",24094
"F","Q",22560
"F","R",27636
"F","S",46672
"F","T",30924
"F","V",39559
"F","W",7069
"F","Y",21057
"G","A",47508
"G","C",14039
"G","D",38310
"G","E",43139
"G","F",33147
"G","G",51564
"G","H",16379
"G","I",40149
"G","K",44064
"G","L",51849
"G","M",16580
"G","N",35776
"G","P",31071
"G","Q",27979
"G","R",36036
"G","S",60820
"G","T",41384
"G","V",43322
"G","W",8456
"G","Y",25715
"H","A",16394
"H","C",6651
"H","D",14964
"H","E",17682
"H","F",15971
"H","G",17204
"H","H",11781
"H","I",17011
"H","K",15049
"H","L",28273
"H","M",6604
"H","N",13779
"H","P",16091
"H","Q",15376
"H","R",18388
"H","S",23665
"H","T",14973
"H","V",20628
"H","W",3661
"H","Y",10513
"I","A",51101
"I","C",16785
"I","D",46067
"I","E",51537
"I","F",38751
"I","G",43111
"I","H",17882
"I","I",43729
"I","K",39398
"I","L",68680
"I","M",15887
"I","N",33886
"I","P",41561
"I","Q",30654
"I","R",41429
"I","S",63463
"I","T",42298
"I","V",52743
"I","W",8416
"I","Y",24192
"K","A",45480
"K","C",17029
"K","D",42693
"K","E",60083
"K","F",32600
"K","G",31899
"K","H",17566
"K","I",50389
"K","K",70086
"K","L",72716
"K","M",22369
"K","N",43806
"K","P",37465
"K","Q",32180
"K","R",46503
"K","S",62607
"K","T",48752
"K","V",45552
"K","W",9941
"K","Y",25725
"L","A",74150
"L","C",21027
"L","D",57827
"L","E",74779
"L","F",51640
"L","G",51437
"L","H",26765
"L","I",67255
"L","K",74566
"L","L",96260
"L","M",25772
"L","N",53576
"L","P",57401
"L","Q",47782
"L","R",60544
"L","S",86249
"L","T",62846
"L","V",66350
"L","W",10682
"L","Y",30459
"M","A",23171
"M","C",6688
"M","D",18572
"M","E",23357
"M","F",15283
"M","G",15646
"M","H",7336
"M","I",20522
"M","K",23035
"M","L",28533
"M","M",10634
"M","N",17987
"M","P",15760
"M","Q",13677
"M","R",18594
"M","S",29776
"M","T",20605
"M","V",18918
"M","W",3407
"M","Y",9780
"N","A",38506
"N","C",12676
"N","D",34542
"N","E",41472
"N","F",28555
"N","G",45531
"N","H",14446
"N","I",35905
"N","K",31911
"N","L",52894
"N","M",14390
"N","N",30658
"N","P",29575
"N","Q",27312
"N","R",32833
"N","S",52564
"N","T",32150
"N","V",41607
"N","W",6956
"N","Y",21588
"P","A",46293
"P","C",9418
"P","D",31575
"P","E",43529
"P","F",25406
"P","G",36702
"P","H",13261
"P","I",39029
"P","K",38447
"P","L",49918
"P","M",15878
"P","N",30014
"P","P",48782
"P","Q",29463
"P","R",31566
"P","S",61586
"P","T",48497
"P","V",43972
"P","W",5210
"P","Y",17902
"Q","A",33495
"Q","C",11907
"Q","D",21873
"Q","E",33015
"Q","F",24688
"Q","G",22930
"Q","H",14851
"Q","I",32483
"Q","K",39878
"Q","L",53209
"Q","M",16727
"Q","N",30038
"Q","P",29521
"Q","Q",38605
"Q","R",30164
"Q","S",39212
"Q","T",29547
"Q","V",30049
"Q","W",6602
"Q","Y",17677
"R","A",40771
"R","C",12763
"R","D",35756
"R","E",44904
"R","F",29218
"R","G",34035
"R","H",17990
"R","I",41149
"R","K",51023
"R","L",58599
"R","M",16897
"R","N",36108
"R","P",31471
"R","Q",30982
"R","R",49561
"R","S",53925
"R","T",35875
"R","V",40129
"R","W",7358
"R","Y",20089
"S","A",71411
"S","C",20032
"S","D",57179
"S","E",65973
"S","F",44882
"S","G",60877
"S","H",22754
"S","I",62199
"S","K",58836
"S","L",84541
"S","M",24739
"S","N",50594
"S","P",56672
"S","Q",42514
"S","R",54812
"S","S",107054
"S","T",78273
"S","V",63878
"S","W",10258
"S","Y",28811
"T","A",51898
"T","C",16892
"T","D",38873
"T","E",46636
"T","F",33088
"T","G",41506
"T","H",15101
"T","I",49315
"T","K",40704
"T","L",61842
"T","M",17823
"T","N",33969
"T","P",47506
"T","Q",26835
"T","R",34581
"T","S",73795
"T","T",57819
"T","V",56106
"T","W",8369
"T","Y",22240
"V","A",56226
"V","C",16799
"V","D",47340
"V","E",58818
"V","F",39126
"V","G",40719
"V","H",19408
"V","I",49614
"V","K",48411
"V","L",70896
"V","M",17713
"V","N",36533
"V","P",42818
"V","Q",33858
"V","R",39448
"V","S",61697
"V","T",48895
"V","V",53148
"V","W",8549
"V","Y",24953
"W","A",7866
"W","C",2852
"W","D",7151
"W","E",7399
"W","F",7084
"W","G",5844
"W","H",3268
"W","I",9652
"W","K",11104
"W","L",12937
"W","M",4411
"W","N",8379
"W","P",5162
"W","Q",5679
"W","R",7835
"W","S",10455
"W","T",8988
"W","V",7064
"W","W",2094
"W","Y",5034
"Y","A",22642
"Y","C",9566
"Y","D",23005
"Y","E",24686
"Y","F",21163
"Y","G",25135
"Y","H",10452
"Y","I",22209
"Y","K",20687
"Y","L",34845
"Y","M",9171
"Y","N",19350
"Y","P",18201
"Y","Q",17648
"Y","R",22230
"Y","S",31291
"Y","T",21810
"Y","V",23413
"Y","W",5428
"Y","Y",15107
